Pattern,ExecutionTime(ms)
dense,0.304128,0.02704
01010101,0.04608,0.012128
10101010,0.047168,0.011008
00010000,0.033792,0.011328
00100000,0.036864,0.011456
